{
    "rmse": 2.102408382953637,
    "mae": 1.5072424263746285,
    "r2": 0.9988652238714363
}