{
    "rmse": 2.1024083829536364,
    "mae": 1.5072424263746285,
    "r2": 0.9988652238714363
}